-- phpMyAdmin SQL Dump
-- version 4.3.11
-- http://www.phpmyadmin.net
--
-- Host: 127.0.0.1
-- Generation Time: 11-Jul-2016 às 17:17
-- Versão do servidor: 5.6.24
-- PHP Version: 5.6.8

SET SQL_MODE = "NO_AUTO_VALUE_ON_ZERO";
SET time_zone = "+00:00";


/*!40101 SET @OLD_CHARACTER_SET_CLIENT=@@CHARACTER_SET_CLIENT */;
/*!40101 SET @OLD_CHARACTER_SET_RESULTS=@@CHARACTER_SET_RESULTS */;
/*!40101 SET @OLD_COLLATION_CONNECTION=@@COLLATION_CONNECTION */;
/*!40101 SET NAMES utf8 */;

--
-- Database: `petredesinternet`
--

-- --------------------------------------------------------

--
-- Estrutura da tabela `certificados`
--

CREATE TABLE IF NOT EXISTS `certificados` (
  `id` int(11) NOT NULL,
  `numero_certificado` varchar(32) NOT NULL,
  `id_webform_submissions` int(11) NOT NULL
) ENGINE=MyISAM DEFAULT CHARSET=latin1;

--
-- Extraindo dados da tabela `certificados`
--

INSERT INTO `certificados` (`id`, `numero_certificado`, `id_webform_submissions`) VALUES
(1, '11111111111111111111111111111111', 708),
(2, '22222222222222222222222222222222', 707);

-- --------------------------------------------------------

--
-- Estrutura da tabela `curso`
--

CREATE TABLE IF NOT EXISTS `curso` (
  `id` int(11) NOT NULL,
  `nome` varchar(40) NOT NULL,
  `carga_horaria` int(11) NOT NULL,
  `data` varchar(20) NOT NULL,
  `certificado_id` int(11) NOT NULL
) ENGINE=MyISAM AUTO_INCREMENT=3 DEFAULT CHARSET=latin1;

--
-- Extraindo dados da tabela `curso`
--

INSERT INTO `curso` (`id`, `nome`, `carga_horaria`, `data`, `certificado_id`) VALUES
(1, 'matlab', 2, '08 de Julho de 2016', 1),
(2, 'excel', 3, '01 de Julho de 2016', 2);

-- --------------------------------------------------------

--
-- Estrutura da tabela `webform_submissions`
--

CREATE TABLE IF NOT EXISTS `webform_submissions` (
  `sid` int(10) unsigned NOT NULL,
  `nid` int(10) unsigned NOT NULL DEFAULT '0',
  `uid` int(10) unsigned NOT NULL DEFAULT '0',
  `is_draft` tinyint(4) NOT NULL DEFAULT '0',
  `submitted` int(11) NOT NULL DEFAULT '0',
  `remote_addr` varchar(128) DEFAULT NULL
) ENGINE=MyISAM AUTO_INCREMENT=709 DEFAULT CHARSET=utf8;

--
-- Extraindo dados da tabela `webform_submissions`
--

INSERT INTO `webform_submissions` (`sid`, `nid`, `uid`, `is_draft`, `submitted`, `remote_addr`) VALUES
(449, 52, 0, 0, 1331816196, '187.121.225.94'),
(448, 52, 0, 0, 1331814677, '187.121.225.94'),
(447, 52, 0, 0, 1331814590, '187.121.225.94'),
(446, 52, 0, 0, 1331814371, '187.121.225.94'),
(445, 52, 0, 0, 1331814203, '187.121.225.94'),
(478, 52, 0, 0, 1331856984, '186.240.183.133'),
(477, 52, 0, 0, 1331855881, '189.67.43.95'),
(444, 54, 0, 0, 1331810430, '200.198.16.11'),
(443, 54, 0, 0, 1331809895, '189.83.152.176'),
(442, 52, 42, 0, 1331809431, '189.13.34.222'),
(441, 52, 0, 0, 1331808095, '141.0.10.8'),
(440, 52, 0, 0, 1331805872, '187.121.225.94'),
(439, 52, 0, 0, 1331805637, '187.121.225.94'),
(438, 52, 0, 0, 1331776847, '187.32.223.230'),
(437, 52, 0, 0, 1331776733, '187.32.223.230'),
(436, 52, 0, 0, 1331775991, '177.115.27.228'),
(435, 53, 0, 0, 1331774776, '189.83.6.162'),
(434, 52, 0, 0, 1331774492, '187.19.30.102'),
(433, 52, 0, 0, 1331772268, '177.108.45.176'),
(432, 52, 0, 0, 1331770963, '189.119.105.44'),
(476, 52, 0, 0, 1331853357, '189.13.35.144'),
(431, 52, 0, 0, 1331770462, '189.83.95.158'),
(430, 52, 0, 0, 1331766746, '189.107.41.5'),
(429, 52, 0, 0, 1331766680, '189.107.66.51'),
(428, 52, 0, 0, 1331765668, '189.107.66.51'),
(427, 52, 0, 0, 1331762173, '189.119.117.164'),
(426, 52, 0, 0, 1331761900, '189.107.103.74'),
(475, 52, 0, 0, 1331852295, '177.24.230.238'),
(425, 52, 0, 0, 1331760457, '189.13.132.108'),
(424, 52, 0, 0, 1331759830, '187.24.34.81'),
(423, 52, 0, 0, 1331757979, '189.83.163.242'),
(422, 52, 0, 0, 1331757031, '201.78.69.192'),
(474, 52, 0, 0, 1331852005, '189.83.156.17'),
(421, 52, 0, 0, 1331756296, '186.235.100.33'),
(420, 52, 0, 0, 1331754112, '189.107.148.91'),
(419, 54, 0, 0, 1331754108, '187.91.180.70'),
(418, 52, 0, 0, 1331753617, '189.83.214.251'),
(473, 52, 0, 0, 1331851899, '189.83.156.17'),
(417, 52, 0, 0, 1331748286, '201.78.72.77'),
(416, 54, 0, 0, 1331747672, '189.17.58.130'),
(415, 54, 0, 0, 1331746729, '200.198.16.12'),
(414, 52, 0, 0, 1331744333, '187.117.212.44'),
(413, 52, 0, 0, 1331744275, '187.117.212.44'),
(412, 52, 0, 0, 1331744137, '187.117.212.44'),
(411, 54, 0, 0, 1331743985, '201.50.94.22'),
(410, 52, 0, 0, 1331743056, '141.0.8.192'),
(472, 52, 0, 0, 1331851831, '189.83.156.17'),
(409, 52, 0, 0, 1331742974, '189.70.100.21'),
(408, 52, 0, 0, 1331742878, '141.0.8.192'),
(407, 52, 0, 0, 1331742803, '141.0.8.192'),
(406, 52, 0, 0, 1331742303, '141.0.8.192'),
(405, 52, 0, 0, 1331742020, '141.0.8.192'),
(404, 52, 0, 0, 1331740736, '65.49.14.13'),
(403, 52, 0, 0, 1331740687, '187.121.225.94'),
(402, 52, 0, 0, 1331740606, '141.0.8.192'),
(401, 52, 0, 0, 1331736626, '187.121.225.94'),
(400, 53, 0, 0, 1331735592, '187.121.225.94'),
(399, 52, 0, 0, 1331735487, '187.121.225.94'),
(398, 52, 0, 0, 1331733260, '187.121.225.94'),
(397, 52, 0, 0, 1331732781, '187.121.225.94'),
(396, 52, 0, 0, 1331728191, '187.72.42.189'),
(395, 52, 0, 0, 1331684676, '189.107.47.82'),
(394, 52, 0, 0, 1331684106, '189.83.108.160'),
(471, 52, 0, 0, 1331851600, '189.107.69.98'),
(470, 52, 0, 0, 1331849283, '201.23.160.71'),
(469, 52, 0, 0, 1331849234, '187.68.118.41'),
(468, 52, 0, 0, 1331848507, '186.235.110.40'),
(393, 52, 0, 0, 1331684066, '201.78.18.182'),
(392, 52, 0, 0, 1331680645, '189.107.53.127'),
(391, 54, 0, 0, 1331674650, '187.13.170.163'),
(390, 52, 0, 0, 1331670079, '189.83.74.219'),
(389, 54, 0, 0, 1331667804, '187.125.33.226'),
(388, 52, 0, 0, 1331665885, '189.107.97.50'),
(387, 53, 0, 0, 1331663898, '189.107.249.173'),
(386, 52, 0, 0, 1331663116, '187.16.184.89'),
(385, 52, 0, 0, 1331662860, '189.13.55.135'),
(384, 54, 0, 0, 1331661747, '187.15.45.76'),
(383, 52, 0, 0, 1331659690, '187.121.225.94'),
(382, 52, 0, 0, 1331659682, '141.0.9.182'),
(381, 54, 0, 0, 1331657007, '201.78.104.123'),
(380, 52, 0, 0, 1331655715, '189.83.0.151'),
(379, 52, 0, 0, 1331655681, '186.235.106.24'),
(378, 52, 0, 0, 1331651058, '187.121.225.94'),
(377, 52, 0, 0, 1331650161, '187.32.223.230'),
(376, 54, 0, 0, 1331649419, '189.83.2.155'),
(375, 54, 0, 0, 1331647728, '186.235.103.144'),
(374, 54, 0, 0, 1331647359, '189.89.94.50'),
(373, 52, 0, 0, 1331644475, '177.27.31.131'),
(372, 54, 0, 0, 1331640839, '186.235.110.120'),
(371, 54, 0, 0, 1331632869, '187.12.90.14'),
(370, 52, 0, 0, 1331604136, '177.31.176.208'),
(369, 52, 0, 0, 1331598900, '189.83.98.158'),
(368, 52, 0, 0, 1331598191, '186.235.106.152'),
(367, 52, 0, 0, 1331598181, '187.127.73.165'),
(366, 52, 0, 0, 1331587615, '187.121.225.94'),
(467, 52, 0, 0, 1331847631, '189.107.17.142'),
(365, 52, 0, 0, 1331587612, '187.121.225.94'),
(466, 52, 0, 0, 1331847074, '187.121.225.94'),
(465, 52, 0, 0, 1331845636, '187.24.236.203'),
(464, 52, 0, 0, 1331843955, '189.107.241.37'),
(463, 52, 0, 0, 1331842752, '186.240.183.133'),
(462, 52, 0, 0, 1331842647, '189.107.237.236'),
(461, 54, 0, 0, 1331833025, '187.80.57.23'),
(460, 53, 0, 0, 1331827179, '187.121.225.94'),
(364, 52, 0, 0, 1331587562, '187.121.225.94'),
(363, 52, 0, 0, 1331587511, '187.121.225.94'),
(362, 52, 0, 0, 1331587485, '187.121.225.94'),
(459, 52, 0, 0, 1331823119, '187.121.225.94'),
(458, 52, 0, 0, 1331823004, '187.121.225.94'),
(457, 52, 0, 0, 1331822783, '187.121.225.94'),
(361, 52, 0, 0, 1331587461, '187.121.225.94'),
(360, 52, 0, 0, 1331587401, '187.121.225.94'),
(359, 52, 0, 0, 1331587392, '187.121.225.94'),
(358, 52, 0, 0, 1331587300, '187.121.225.94'),
(357, 52, 0, 0, 1331587153, '187.121.225.94'),
(356, 52, 0, 0, 1331586161, '186.235.109.53'),
(355, 52, 0, 0, 1331582214, '187.121.225.94'),
(354, 52, 0, 0, 1331575303, '177.31.26.98'),
(353, 52, 0, 0, 1331574850, '187.121.225.94'),
(352, 52, 0, 0, 1331574140, '187.121.225.94'),
(351, 52, 0, 0, 1331572857, '177.115.177.33'),
(350, 52, 0, 0, 1331572461, '177.115.177.33'),
(349, 52, 0, 0, 1331571897, '177.26.90.252'),
(348, 52, 0, 0, 1331571439, '177.26.90.252'),
(347, 52, 0, 0, 1331570885, '187.121.225.94'),
(346, 52, 0, 0, 1331570412, '187.121.225.94'),
(345, 52, 0, 0, 1331570375, '187.121.225.94'),
(344, 52, 0, 0, 1331570278, '187.121.225.94'),
(343, 52, 0, 0, 1331570163, '187.121.225.94'),
(342, 52, 0, 0, 1331569651, '187.121.225.94'),
(341, 52, 0, 0, 1331569616, '187.121.225.94'),
(340, 52, 0, 0, 1331569580, '187.121.225.94'),
(339, 52, 0, 0, 1331569573, '187.121.225.94'),
(338, 52, 0, 0, 1331569561, '187.121.225.94'),
(337, 52, 0, 0, 1331569269, '187.121.225.94'),
(336, 53, 0, 0, 1331568856, '187.121.225.94'),
(335, 53, 0, 0, 1331568696, '189.107.99.32'),
(334, 52, 0, 0, 1331568544, '187.121.225.94'),
(333, 53, 0, 0, 1331567745, '187.121.225.94'),
(332, 53, 0, 0, 1331567441, '187.121.225.94'),
(456, 52, 0, 0, 1331822606, '187.121.225.94'),
(455, 52, 0, 0, 1331820614, '187.121.225.94'),
(454, 52, 0, 0, 1331820468, '187.121.225.94'),
(453, 52, 0, 0, 1331820039, '187.121.225.94'),
(452, 52, 0, 0, 1331819741, '187.121.225.94'),
(451, 52, 0, 0, 1331819633, '187.121.225.94'),
(450, 52, 0, 0, 1331816913, '187.121.225.94'),
(224, 62, 0, 0, 1315352820, '201.46.157.126'),
(225, 77, 0, 0, 1315598647, '189.36.209.182'),
(226, 77, 0, 0, 1315851240, '189.36.209.182'),
(227, 77, 0, 0, 1315868500, '187.127.39.187'),
(228, 77, 0, 0, 1315914281, '189.36.209.182'),
(229, 77, 0, 0, 1315914533, '189.36.209.182'),
(230, 77, 0, 0, 1315917529, '189.36.209.182'),
(231, 77, 0, 0, 1315921824, '189.36.209.182'),
(232, 77, 0, 0, 1315924788, '186.233.39.156'),
(233, 77, 0, 0, 1315926204, '189.36.209.182'),
(234, 77, 0, 0, 1315926413, '189.36.209.182'),
(235, 77, 0, 0, 1315930284, '189.36.209.182'),
(236, 77, 0, 0, 1315933450, '186.233.34.253'),
(237, 77, 0, 0, 1315933822, '189.43.119.2'),
(238, 77, 0, 0, 1315934378, '189.36.209.182'),
(239, 77, 0, 0, 1315934897, '201.46.130.116'),
(240, 77, 0, 0, 1315937219, '189.36.209.182'),
(241, 77, 22, 0, 1315937376, '189.36.209.182'),
(242, 77, 0, 0, 1315937494, '189.36.209.182'),
(243, 77, 22, 0, 1315937639, '189.36.209.182'),
(244, 77, 0, 0, 1315938038, '189.36.209.182'),
(245, 77, 22, 0, 1315939114, '189.36.209.182'),
(317, 77, 3, 0, 1316178203, '189.36.209.182'),
(247, 77, 0, 0, 1315940565, '186.233.33.29'),
(249, 77, 0, 0, 1315942082, '65.49.14.51'),
(250, 77, 0, 0, 1315944410, '187.16.188.84'),
(251, 77, 0, 0, 1315947575, '189.36.209.182'),
(252, 77, 0, 0, 1315950127, '189.107.161.21'),
(253, 77, 0, 0, 1315954812, '201.78.66.231'),
(254, 77, 0, 0, 1315956219, '189.107.118.185'),
(256, 77, 0, 0, 1315956292, '189.83.68.130'),
(257, 77, 0, 0, 1315959082, '189.107.177.251'),
(258, 77, 0, 0, 1315961987, '189.107.161.21'),
(259, 77, 0, 0, 1315966589, '177.27.2.51'),
(260, 77, 0, 0, 1315967756, '189.107.38.62'),
(261, 77, 0, 0, 1315969050, '187.127.22.181'),
(262, 77, 0, 0, 1315995540, '189.107.223.131'),
(263, 77, 0, 0, 1315998635, '189.36.209.182'),
(264, 77, 0, 0, 1316000617, '187.72.160.200'),
(265, 77, 0, 0, 1316001385, '189.36.209.182'),
(309, 77, 0, 0, 1316127100, '189.36.209.182'),
(268, 77, 0, 0, 1316002355, '187.91.158.198'),
(308, 77, 0, 0, 1316126309, '189.93.221.39'),
(270, 77, 0, 0, 1316004076, '189.36.209.182'),
(271, 77, 0, 0, 1316004671, '189.36.209.182'),
(272, 77, 0, 0, 1316005462, '189.36.209.182'),
(273, 77, 0, 0, 1316005966, '189.36.209.182'),
(274, 77, 0, 0, 1316006866, '189.36.209.182'),
(275, 77, 0, 0, 1316009160, '189.36.209.182'),
(276, 77, 0, 0, 1316009681, '177.30.155.189'),
(277, 77, 0, 0, 1316010206, '177.30.155.189'),
(278, 77, 0, 0, 1316010283, '189.36.209.182'),
(279, 77, 22, 0, 1316013840, '189.36.209.182'),
(280, 77, 0, 0, 1316022238, '189.36.209.182'),
(281, 77, 0, 0, 1316025210, '209.73.132.145'),
(282, 77, 22, 0, 1316025814, '189.36.209.182'),
(283, 77, 22, 0, 1316026879, '189.36.209.182'),
(284, 77, 0, 0, 1316028662, '200.222.235.53'),
(285, 77, 0, 0, 1316034763, '189.83.226.207'),
(286, 77, 0, 0, 1316047793, '189.107.114.182'),
(287, 77, 0, 0, 1316084642, '189.36.209.182'),
(288, 77, 0, 0, 1316087780, '189.36.209.182'),
(289, 77, 22, 0, 1316088127, '189.36.209.182'),
(290, 77, 22, 0, 1316088280, '189.36.209.182'),
(291, 77, 22, 0, 1316088621, '189.36.209.182'),
(292, 77, 22, 0, 1316089615, '189.36.209.182'),
(293, 77, 22, 0, 1316092057, '189.36.209.182'),
(294, 77, 0, 0, 1316094930, '201.46.145.5'),
(295, 77, 0, 0, 1316097070, '189.107.250.78'),
(296, 77, 0, 0, 1316097681, '201.46.145.5'),
(297, 77, 0, 0, 1316101376, '189.107.86.141'),
(298, 77, 0, 0, 1316102512, '189.36.209.182'),
(299, 77, 0, 0, 1316105581, '189.53.203.188'),
(300, 77, 0, 0, 1316106080, '187.80.54.40'),
(301, 77, 0, 0, 1316106394, '187.1.213.159'),
(302, 77, 0, 0, 1316107683, '187.1.213.159'),
(303, 77, 0, 0, 1316108758, '189.83.36.71'),
(304, 77, 22, 0, 1316112414, '189.36.209.182'),
(305, 77, 0, 0, 1316115337, '200.97.21.149'),
(306, 77, 0, 0, 1316117250, '189.36.209.182'),
(307, 77, 0, 0, 1316118542, '189.36.209.182'),
(311, 77, 0, 0, 1316130975, '189.83.234.196'),
(318, 77, 3, 0, 1316178315, '189.36.209.182'),
(313, 77, 0, 0, 1316133905, '187.69.40.87'),
(314, 77, 0, 0, 1316135613, '186.240.3.245'),
(315, 77, 0, 0, 1316135791, '189.107.161.21'),
(316, 77, 0, 0, 1316139697, '189.12.26.49'),
(479, 52, 0, 0, 1331857114, '189.107.169.87'),
(480, 52, 0, 0, 1331857678, '189.83.155.239'),
(481, 52, 51, 0, 1331858782, '189.107.56.194'),
(482, 52, 0, 0, 1331860144, '187.80.198.101'),
(483, 52, 0, 0, 1331860409, '186.240.0.182'),
(484, 52, 51, 0, 1331861676, '189.107.56.194'),
(485, 52, 51, 0, 1331861850, '189.107.56.194'),
(486, 52, 52, 0, 1331861894, '201.58.145.224'),
(487, 54, 0, 0, 1331868166, '189.83.115.45'),
(488, 52, 0, 0, 1331895947, '201.46.137.148'),
(489, 54, 0, 0, 1331897844, '189.107.16.180'),
(490, 52, 0, 0, 1331899691, '189.107.224.234'),
(491, 52, 0, 0, 1331906377, '187.121.225.94'),
(492, 52, 0, 0, 1331906472, '187.121.225.94'),
(493, 52, 0, 0, 1331906483, '187.121.225.94'),
(494, 52, 0, 0, 1331906703, '187.121.225.94'),
(495, 52, 0, 0, 1331906820, '187.121.225.94'),
(496, 52, 0, 0, 1331907411, '187.121.225.94'),
(497, 52, 0, 0, 1331908878, '187.121.225.94'),
(498, 52, 0, 0, 1331909240, '187.121.225.94'),
(499, 52, 0, 0, 1331909620, '187.121.225.94'),
(500, 52, 0, 0, 1331909976, '209.73.132.45'),
(501, 52, 0, 0, 1331910091, '141.0.10.241'),
(502, 52, 0, 0, 1331910187, '209.73.132.45'),
(503, 52, 0, 0, 1331911637, '187.43.13.85'),
(504, 52, 0, 0, 1331914608, '187.121.225.94'),
(505, 52, 0, 0, 1331914813, '187.121.225.94'),
(506, 52, 0, 0, 1331914947, '187.121.225.94'),
(507, 52, 0, 0, 1331914968, '189.70.97.198'),
(508, 52, 0, 0, 1331915089, '187.121.225.94'),
(509, 52, 0, 0, 1331916698, '177.108.4.38'),
(510, 52, 0, 0, 1331920285, '187.121.225.94'),
(511, 52, 0, 0, 1331920384, '187.1.250.217'),
(512, 52, 0, 0, 1331921303, '187.121.225.94'),
(513, 52, 0, 0, 1331925752, '189.83.13.164'),
(514, 52, 0, 0, 1331926733, '177.115.132.92'),
(515, 52, 0, 0, 1331926735, '189.83.107.151'),
(516, 52, 0, 0, 1331926996, '177.108.4.38'),
(517, 52, 0, 0, 1331927223, '189.83.228.208'),
(518, 52, 0, 0, 1331931401, '189.83.26.182'),
(519, 52, 0, 0, 1331931834, '201.78.76.176'),
(520, 52, 0, 0, 1331933695, '201.46.130.116'),
(521, 52, 0, 0, 1331933788, '187.19.18.81'),
(522, 52, 0, 0, 1331934054, '189.13.5.45'),
(523, 52, 0, 0, 1331934159, '189.13.5.45'),
(524, 52, 0, 0, 1331935018, '187.91.155.82'),
(525, 52, 0, 0, 1331939036, '141.0.8.141'),
(526, 52, 0, 0, 1331939038, '189.93.240.211'),
(527, 52, 0, 0, 1331939224, '189.13.224.46'),
(528, 52, 0, 0, 1331939334, '189.93.240.211'),
(529, 52, 0, 0, 1331939764, '189.119.210.222'),
(530, 52, 0, 0, 1331941743, '187.80.48.193'),
(531, 52, 0, 0, 1331942531, '189.107.185.196'),
(532, 52, 0, 0, 1331943155, '189.107.116.103'),
(533, 52, 0, 0, 1331943328, '189.83.202.11'),
(534, 52, 0, 0, 1331944649, '201.46.139.56'),
(535, 52, 0, 0, 1331945930, '201.46.156.228'),
(536, 52, 0, 0, 1331946677, '187.121.225.94'),
(537, 52, 0, 0, 1331946952, '187.1.231.42'),
(538, 52, 0, 0, 1331947602, '189.83.173.17'),
(539, 54, 0, 0, 1331988900, '201.46.138.196'),
(540, 52, 0, 0, 1331988924, '186.235.106.115'),
(541, 53, 22, 0, 1331994294, '177.31.149.57'),
(542, 52, 0, 0, 1331999326, '177.115.22.117'),
(543, 52, 0, 0, 1331999931, '189.87.198.10'),
(544, 52, 0, 0, 1332000078, '187.19.18.61'),
(545, 52, 0, 0, 1332003222, '189.107.104.230'),
(546, 52, 0, 0, 1332010494, '189.107.87.31'),
(547, 52, 0, 0, 1332015015, '201.46.141.21'),
(548, 52, 0, 0, 1332017265, '186.242.229.223'),
(549, 52, 0, 0, 1332017646, '189.13.227.211'),
(550, 52, 0, 0, 1332019774, '189.13.227.211'),
(551, 52, 0, 0, 1332021425, '201.62.213.197'),
(552, 52, 0, 0, 1332024693, '187.32.223.230'),
(553, 52, 0, 0, 1332024825, '201.46.144.93'),
(554, 53, 22, 0, 1332031908, '187.121.225.94'),
(555, 52, 0, 0, 1332031909, '189.107.241.34'),
(556, 52, 0, 0, 1332036626, '189.83.214.240'),
(557, 52, 0, 0, 1332040061, '189.107.166.21'),
(558, 52, 0, 0, 1332080299, '189.93.142.174'),
(559, 52, 0, 0, 1332082725, '189.93.142.174'),
(560, 52, 0, 0, 1332082754, '189.93.142.174'),
(561, 52, 0, 0, 1332083405, '189.13.75.125'),
(562, 52, 0, 0, 1332084049, '189.107.179.219'),
(563, 52, 0, 0, 1332085512, '189.83.128.147'),
(564, 52, 0, 0, 1332086268, '189.61.171.10'),
(566, 52, 0, 0, 1332086529, '189.83.128.147'),
(567, 52, 0, 0, 1332086682, '201.46.147.133'),
(568, 52, 0, 0, 1332086697, '189.83.128.147'),
(569, 52, 0, 0, 1332086776, '189.13.240.112'),
(570, 52, 0, 0, 1332086968, '189.83.110.179'),
(571, 52, 0, 0, 1332087028, '189.13.6.156'),
(572, 52, 0, 0, 1332090053, '189.13.3.220'),
(573, 52, 54, 0, 1332090615, '189.13.3.220'),
(574, 52, 0, 0, 1332091471, '189.83.7.52'),
(575, 52, 0, 0, 1332097380, '187.69.12.226'),
(576, 52, 0, 0, 1332097411, '189.13.6.156'),
(577, 54, 0, 0, 1332098094, '187.91.157.242'),
(578, 54, 0, 0, 1332099118, '187.91.157.242'),
(579, 52, 0, 0, 1332100516, '189.13.6.156'),
(580, 52, 0, 0, 1332103918, '189.67.110.38'),
(581, 52, 0, 0, 1332105620, '189.107.156.229'),
(582, 52, 0, 0, 1332105630, '189.107.156.229'),
(583, 52, 0, 0, 1332105638, '189.107.156.229'),
(584, 52, 0, 0, 1332108925, '189.13.7.160'),
(585, 54, 0, 0, 1332111847, '187.69.18.114'),
(586, 52, 0, 0, 1332116865, '201.46.156.189'),
(587, 52, 0, 0, 1332117798, '189.83.114.241'),
(588, 52, 0, 0, 1332117828, '189.87.188.53'),
(589, 52, 0, 0, 1332119033, '189.107.102.125'),
(590, 52, 0, 0, 1332120031, '189.107.65.180'),
(591, 52, 0, 0, 1332122197, '186.235.100.110'),
(592, 52, 0, 0, 1332124389, '187.69.104.157'),
(593, 52, 0, 0, 1332152779, '187.121.225.94'),
(594, 52, 0, 0, 1332157678, '187.121.225.94'),
(595, 52, 0, 0, 1332158080, '187.121.225.94'),
(596, 52, 0, 0, 1332158906, '187.121.225.94'),
(597, 52, 0, 0, 1332159190, '187.1.211.155'),
(598, 52, 0, 0, 1332162309, '187.121.225.94'),
(599, 52, 0, 0, 1332162359, '141.0.9.49'),
(600, 52, 0, 0, 1332162536, '141.0.9.49'),
(601, 52, 0, 0, 1332163929, '187.121.225.94'),
(602, 52, 0, 0, 1332164226, '187.121.225.94'),
(603, 52, 0, 0, 1332164573, '187.121.225.94'),
(604, 52, 0, 0, 1332165533, '189.83.36.145'),
(605, 52, 0, 0, 1332169946, '187.80.241.237'),
(606, 52, 0, 0, 1332171790, '187.121.225.94'),
(607, 52, 0, 0, 1332172073, '187.80.241.237'),
(608, 52, 0, 0, 1332172116, '187.121.225.94'),
(609, 52, 0, 0, 1332172816, '189.107.5.253'),
(610, 52, 0, 0, 1332173501, '187.121.225.94'),
(611, 52, 0, 0, 1332174270, '187.121.225.94'),
(612, 52, 0, 0, 1332175442, '187.121.225.94'),
(613, 54, 0, 0, 1332177265, '189.83.93.21'),
(614, 52, 0, 0, 1332180770, '187.121.225.94'),
(615, 52, 0, 0, 1332181008, '187.121.225.94'),
(616, 52, 0, 0, 1332183087, '187.121.225.94'),
(617, 52, 0, 0, 1332183361, '187.117.230.226'),
(618, 52, 0, 0, 1332183517, '187.117.230.226'),
(619, 52, 0, 0, 1332183602, '187.117.230.226'),
(620, 52, 0, 0, 1332183703, '187.117.230.226'),
(621, 52, 0, 0, 1332187517, '201.46.148.241'),
(622, 52, 0, 0, 1332187832, '187.121.225.94'),
(623, 52, 0, 0, 1332188682, '189.107.9.232'),
(624, 52, 0, 0, 1332193410, '189.119.86.215'),
(625, 52, 0, 0, 1332195662, '189.83.95.103'),
(626, 52, 0, 0, 1332196225, '201.78.80.90'),
(627, 52, 0, 0, 1332196904, '187.32.223.230'),
(628, 52, 0, 0, 1332199275, '189.13.49.107'),
(629, 52, 0, 0, 1332200262, '187.82.187.238'),
(630, 52, 0, 0, 1332202197, '189.83.243.180'),
(631, 52, 0, 0, 1332202948, '177.31.52.187'),
(632, 52, 0, 0, 1332203241, '186.233.36.202'),
(633, 52, 0, 0, 1332204009, '187.24.80.86'),
(634, 52, 0, 0, 1332204036, '187.24.230.233'),
(635, 52, 0, 0, 1332205063, '189.12.160.99'),
(636, 52, 0, 0, 1332206721, '189.107.9.137'),
(637, 52, 0, 0, 1332241300, '141.0.8.196'),
(638, 52, 0, 0, 1332242521, '141.0.8.196'),
(639, 52, 0, 0, 1332251054, '187.82.154.214'),
(640, 52, 0, 0, 1332258935, '187.121.225.94'),
(641, 52, 0, 0, 1332259170, '187.24.16.80'),
(642, 54, 0, 0, 1332262958, '187.72.160.200'),
(643, 52, 0, 0, 1332266599, '189.13.15.19'),
(644, 52, 0, 0, 1332273009, '187.121.225.94'),
(645, 52, 0, 0, 1332273761, '187.121.225.94'),
(646, 52, 0, 0, 1332278785, '186.235.109.112'),
(647, 52, 0, 0, 1332281046, '189.87.190.38'),
(648, 52, 0, 0, 1332282159, '189.107.138.234'),
(649, 52, 0, 0, 1332282211, '177.30.246.199'),
(650, 52, 0, 0, 1332282708, '186.235.96.33'),
(651, 52, 0, 0, 1332282905, '189.87.190.38'),
(652, 52, 0, 0, 1332284403, '201.23.177.66'),
(653, 52, 0, 0, 1332285462, '187.24.116.88'),
(654, 52, 0, 0, 1332286742, '187.24.116.88'),
(655, 52, 0, 0, 1332289751, '187.70.120.100'),
(656, 52, 0, 0, 1332291564, '187.32.223.230'),
(657, 52, 0, 0, 1332291773, '201.46.156.189'),
(658, 52, 0, 0, 1332292022, '189.107.66.189'),
(659, 52, 0, 0, 1332292045, '189.107.240.29'),
(660, 52, 0, 0, 1332292245, '177.31.146.167'),
(661, 52, 0, 0, 1332292620, '187.80.92.140'),
(662, 52, 0, 0, 1332292631, '187.127.19.186'),
(663, 52, 0, 0, 1332292685, '177.27.20.72'),
(664, 52, 0, 0, 1332294641, '201.46.156.43'),
(665, 52, 0, 0, 1332296351, '187.69.56.247'),
(666, 52, 0, 0, 1332297744, '201.46.149.98'),
(667, 52, 0, 0, 1332323544, '187.121.225.94'),
(668, 52, 0, 0, 1332325385, '141.0.9.230'),
(669, 52, 0, 0, 1332333245, '216.172.135.97'),
(670, 52, 0, 0, 1332346100, '187.121.225.94'),
(671, 52, 0, 0, 1332346255, '187.121.225.94'),
(672, 52, 0, 0, 1332346940, '187.117.223.83'),
(673, 54, 0, 0, 1332351416, '201.78.68.64'),
(674, 52, 0, 0, 1332355298, '187.121.225.94'),
(675, 52, 0, 0, 1332360161, '187.16.182.147'),
(676, 52, 0, 0, 1332364227, '177.78.111.161'),
(677, 52, 0, 0, 1332364993, '177.78.111.161'),
(678, 52, 0, 0, 1332366031, '189.107.68.179'),
(679, 52, 0, 0, 1332366242, '189.107.68.179'),
(680, 52, 0, 0, 1332369325, '177.78.111.161'),
(681, 52, 0, 0, 1332370276, '186.243.115.173'),
(682, 52, 0, 0, 1332370684, '177.30.77.135'),
(683, 52, 0, 0, 1332420771, '187.121.225.94'),
(684, 52, 0, 0, 1332456564, '201.46.156.189'),
(685, 52, 0, 0, 1332459724, '189.13.11.53'),
(708, 8, 8563, 0, 1466121458, '186.244.26.203'),
(707, 8, 23725, 0, 1466093995, '172.19.7.222'),
(706, 8, 23725, 0, 1466093878, '172.19.7.222'),
(705, 8, 23711, 0, 1465984979, '201.48.149.197'),
(704, 8, 1, 0, 1465765560, '177.155.8.91'),
(703, 8, 17323, 0, 1465608138, '177.155.8.91'),
(700, 52, 21277, 0, 1453087772, '173.234.185.181'),
(702, 8, 17323, 0, 1465248463, '10.1.2.69');

-- --------------------------------------------------------

--
-- Estrutura da tabela `webform_submitted_data`
--

CREATE TABLE IF NOT EXISTS `webform_submitted_data` (
  `nid` int(10) unsigned NOT NULL DEFAULT '0',
  `sid` int(10) unsigned NOT NULL DEFAULT '0',
  `cid` smallint(5) unsigned NOT NULL DEFAULT '0',
  `no` varchar(128) NOT NULL DEFAULT '0',
  `data` mediumtext NOT NULL
) ENGINE=MyISAM DEFAULT CHARSET=utf8;

--
-- Extraindo dados da tabela `webform_submitted_data`
--

INSERT INTO `webform_submitted_data` (`nid`, `sid`, `cid`, `no`, `data`) VALUES
(8, 703, 1, '0', 'Gabriel'),
(8, 703, 5, '0', '12345'),
(8, 703, 6, '0', 'identidade'),
(8, 703, 8, '0', 'ssp'),
(8, 703, 9, '0', '1984-03-18'),
(8, 703, 16, '0', '(32) '),
(8, 703, 17, '0', '(32) '),
(8, 703, 21, '0', 'rodriguez.gabriel001@gmail.com'),
(8, 703, 20, '0', 'Matlab'),
(8, 704, 16, '0', '(32) 123'),
(8, 704, 9, '0', '1966-01-01'),
(8, 704, 8, '0', 'ssp'),
(8, 704, 6, '0', '123mg'),
(8, 704, 5, '0', '1234'),
(8, 704, 1, '0', 'Gabriel 2'),
(8, 704, 17, '0', '(32) 123'),
(8, 704, 21, '0', 'rodriguez.gabriel001@gmail.com'),
(8, 704, 20, '0', 'Matlab'),
(8, 705, 1, '0', 'Juliana de Oliveira Maciel'),
(8, 705, 5, '0', '13058414011'),
(8, 705, 6, '0', '17259689'),
(8, 705, 8, '0', 'pcmg'),
(8, 705, 9, '0', '2007-12-12'),
(8, 705, 16, '0', '(32) '),
(8, 705, 17, '0', '(32) 988278706'),
(8, 705, 21, '0', 'julianamaciel17@gmail.com'),
(8, 705, 20, '0', 'Excel Básico'),
(8, 706, 1, '0', 'rodrigo pacheco'),
(8, 706, 5, '0', '14444483741'),
(8, 706, 6, '0', '213456866'),
(8, 706, 8, '0', 'detra'),
(8, 706, 9, '0', '2009-08-11'),
(8, 706, 16, '0', '(32) '),
(8, 706, 17, '0', '(32) '),
(8, 706, 21, '0', 'rodrigopacheco92@hotmail.com'),
(8, 706, 20, '0', 'Excel Básico'),
(8, 707, 1, '0', 'rodrigo pacheco'),
(8, 707, 5, '0', '14444483741'),
(8, 707, 6, '0', '213456866'),
(8, 707, 8, '0', 'detran-RJ'),
(8, 707, 9, '0', '2009-08-11'),
(8, 707, 16, '0', '(32) '),
(8, 707, 17, '0', '(32) '),
(8, 707, 21, '0', 'rodrigopacheco92@hotmail.com'),
(8, 707, 20, '0', 'XBee'),
(8, 708, 1, '0', 'Allan Landau de Carvalho Hilgemberg'),
(8, 708, 5, '0', '09553751695'),
(8, 708, 6, '0', 'MG15444505'),
(8, 708, 8, '0', 'SSP'),
(8, 708, 9, '0', '2008-06-20'),
(8, 708, 16, '0', '(32) '),
(8, 708, 17, '0', '(32) '),
(8, 708, 21, '0', 'allancarhil@gmail.com'),
(8, 708, 20, '0', 'XBee');

--
-- Indexes for dumped tables
--

--
-- Indexes for table `certificados`
--
ALTER TABLE `certificados`
  ADD PRIMARY KEY (`id`), ADD KEY `id_webform_submissions` (`id_webform_submissions`);

--
-- Indexes for table `curso`
--
ALTER TABLE `curso`
  ADD PRIMARY KEY (`id`);

--
-- Indexes for table `webform_submissions`
--
ALTER TABLE `webform_submissions`
  ADD PRIMARY KEY (`sid`), ADD UNIQUE KEY `sid_nid` (`sid`,`nid`);

--
-- Indexes for table `webform_submitted_data`
--
ALTER TABLE `webform_submitted_data`
  ADD PRIMARY KEY (`nid`,`sid`,`cid`,`no`), ADD KEY `nid` (`nid`), ADD KEY `sid_nid` (`sid`,`nid`);

--
-- AUTO_INCREMENT for dumped tables
--

--
-- AUTO_INCREMENT for table `curso`
--
ALTER TABLE `curso`
  MODIFY `id` int(11) NOT NULL AUTO_INCREMENT,AUTO_INCREMENT=3;
--
-- AUTO_INCREMENT for table `webform_submissions`
--
ALTER TABLE `webform_submissions`
  MODIFY `sid` int(10) unsigned NOT NULL AUTO_INCREMENT,AUTO_INCREMENT=709;
/*!40101 SET CHARACTER_SET_CLIENT=@OLD_CHARACTER_SET_CLIENT */;
/*!40101 SET CHARACTER_SET_RESULTS=@OLD_CHARACTER_SET_RESULTS */;
/*!40101 SET COLLATION_CONNECTION=@OLD_COLLATION_CONNECTION */;
